							Population by five-year age group (thousands)																																									
							F	M	F	M	F	M	F	M	F	M	F	M	F	M	F	M	F	M	F	M	F	M	F	M	F	M	F	M	F	M	F	M	F	M	F	M	F	M	F	M	F	M
Index	Region, subregion, country or area	Notes	Country code	Type	Parent code	Reference date (as of 1 July)	0-4	0-4	5-9	5-9	10-14	10-14	15-19	15-19	20-24	20-24	25-29	25-29	30-34	30-34	35-39	35-39	40-44	40-44	45-49	45-49	50-54	50-54	55-59	55-59	60-64	60-64	65-69	65-69	70-74	70-74	75-79	75-79	80-84	80-84	85-89	85-89	90-94	90-94	95-99	95-99	100+	100+
1740	Afghanistan		4	Country/Area	5501	2020	  2 765	  2 907	  2 642	  2 775	  2 540	  2 652	  2 252	  2 378	  1 909	  2 017	  1 499	  1 611	  1 179	  1 299	   988	  1 068	   791	   868	   628	   677	   503	   529	   396	   411	   308	   305	   229	   216	   172	   140	   91	   77	   42	   33	   14	   10	   3	   2	0	   0	0	   0
3495	Albania		8	Country/Area	925	2020	   80	   87	   80	   88	   75	   87	   93	   106	   111	   117	   115	   129	   101	   123	   76	   91	   77	   76	   90	   80	   96	   89	   103	   99	   95	   91	   74	   70	   56	   52	   45	   41	   28	   26	   13	   11	   4	   3	   1	   0	0	   0
1230	Algeria		12	Country/Area	912	2020	  2 467	  2 574	  2 269	  2 367	  1 872	  1 949	  1 426	  1 484	  1 469	  1 531	  1 762	  1 812	  1 850	  1 878	  1 765	  1 783	  1 503	  1 511	  1 220	  1 214	  1 035	  1 027	   870	   868	   684	   703	   560	   583	   364	   360	   272	   242	   186	   158	   90	   81	   27	   24	   4	   4	0	   1
720	Angola		24	Country/Area	911	2020	  2 871	  2 924	  2 536	  2 568	  2 183	  2 167	  1 781	  1 752	  1 458	  1 424	  1 231	  1 192	  1 041	   999	   850	   809	   685	   646	   561	   521	   411	   376	   345	   333	   253	   229	   159	   145	   117	   95	   69	   50	   38	   22	   13	   7	   3	   1	0	   0	0	   0
2235	Antigua and Barbuda		28	Country/Area	915	2020	   4	   4	   4	   4	   3	   3	   3	   4	   4	   4	   4	   4	   4	   3	   4	   3	   4	   3	   4	   3	   4	   3	   3	   3	   2	   2	   2	   2	   1	   1	   1	   1	   1	   0	0	   0	0	   0	0	   0	0	   0
2640	Argentina		32	Country/Area	931	2020	  1 833	  1 903	  1 821	  1 889	  1 766	  1 831	  1 740	  1 800	  1 715	  1 763	  1 745	  1 775	  1 660	  1 659	  1 572	  1 550	  1 572	  1 518	  1 360	  1 278	  1 198	  1 103	  1 120	  1 003	  1 007	   877	   899	   746	   758	   579	   578	   386	   406	   228	   251	   113	   114	   38	   28	   7	   3	   1
1350	Armenia		51	Country/Area	922	2020	   97	   108	   100	   114	   93	   106	   79	   91	   84	   93	   121	   111	   141	   126	   128	   108	   104	   87	   89	   73	   93	   70	   114	   85	   113	   84	   77	   55	   51	   34	   26	   16	   38	   21	   14	   8	   6	   3	   1	   0	0	   0
2250	Aruba	13	533	Country/Area	915	2020	   3	   3	   3	   3	   3	   3	   4	   4	   4	   4	   4	   4	   3	   3	   3	   3	   4	   3	   4	   3	   4	   4	   5	   4	   4	   4	   3	   3	   2	   2	   2	   1	   1	   1	0	   0	0	   0	0	   0	0	0
2850	Australia	15	36	Country/Area	927	2020	   812	   857	   798	   841	   785	   826	   742	   777	   783	   811	   871	   910	   936	   940	   921	   922	   818	   810	   846	   832	   789	   769	   782	   767	   725	   694	   631	   602	   556	   528	   397	   366	   282	   241	   192	   137	   100	   56	   30	   12	   3	   1
3690	Austria		40	Country/Area	926	2020	   218	   230	   206	   220	   205	   219	   219	   234	   246	   263	   295	   312	   305	   316	   308	   315	   281	   284	   307	   305	   356	   357	   347	   347	   298	   285	   237	   214	   220	   187	   215	   169	   153	   107	   90	   52	   47	   20	   13	   4	   1	   0
1365	Azerbaijan	4	31	Country/Area	922	2020	   389	   436	   400	   460	   324	   374	   296	   341	   341	   378	   439	   451	   476	   466	   413	   412	   337	   328	   320	   296	   331	   297	   345	   308	   266	   231	   169	   139	   87	   65	   54	   37	   56	   32	   23	   12	   6	   2	   1	   0	0	   0
2265	Bahamas		44	Country/Area	915	2020	   13	   14	   13	   14	   16	   16	   16	   16	   17	   17	   17	   17	   14	   14	   14	   13	   14	   13	   15	   14	   13	   12	   13	   11	   10	   8	   6	   5	   4	   4	   3	   2	   2	   1	   1	   1	0	   0	0	   0	0	   0
1380	Bahrain		48	Country/Area	922	2020	   53	   55	   52	   59	   47	   46	   40	   49	   39	   53	   69	   146	   73	   220	   54	   160	   47	   101	   35	   73	   29	   52	   25	   34	   17	   28	   9	   13	   5	   6	   3	   3	   2	   2	   1	   1	0	   0	0	   0	0	   0
1755	Bangladesh		50	Country/Area	5501	2020	  7 008	  7 320	  7 167	  7 477	  7 382	  7 707	  7 610	  7 975	  7 497	  7 742	  7 268	  7 258	  6 984	  6 779	  6 477	  6 271	  5 672	  5 554	  4 708	  4 718	  4 040	  4 265	  3 221	  3 479	  2 129	  2 372	  1 307	  1 490	  1 150	  1 207	   884	   855	   534	   488	   266	   217	   99	   68	   24	   14	   4	   2
2280	Barbados		52	Country/Area	915	2020	   7	   8	   8	   8	   9	   9	   9	   10	   9	   10	   9	   9	   9	   9	   10	   9	   10	   9	   11	   10	   10	   9	   11	   9	   10	   9	   8	   7	   6	   5	   5	   4	   4	   3	   2	   2	   1	   1	0	   0	0	   0
3150	Belarus		112	Country/Area	923	2020	   271	   277	   289	   307	   236	   249	   216	   228	   207	   219	   319	   334	   397	   417	   356	   361	   332	   321	   331	   302	   317	   275	   410	   343	   380	   285	   353	   226	   170	   99	   181	   75	   165	   54	   81	   21	   35	   7	   6	   1	0	   0
3705	Belgium		56	Country/Area	926	2020	   307	   326	   323	   346	   326	   346	   312	   329	   320	   338	   356	   372	   371	   375	   379	   379	   370	   381	   374	   392	   390	   405	   397	   406	   371	   365	   327	   307	   295	   260	   212	   171	   189	   132	   138	   78	   67	   28	   18	   6	   2	   0
2505	Belize		84	Country/Area	916	2020	   19	   20	   19	   20	   19	   19	   20	   20	   20	   20	   18	   18	   16	   16	   14	   13	   12	   11	   11	   10	   9	   9	   7	   7	   5	   5	   4	   4	   2	   3	   2	   2	   1	   1	   1	   1	0	   0	0	   0	0	   0
960	Benin		204	Country/Area	914	2020	   940	   969	   832	   856	   734	   754	   638	   654	   553	   563	   471	   475	   393	   392	   328	   323	   274	   265	   227	   216	   187	   176	   150	   137	   116	   103	   86	   74	   65	   46	   43	   30	   21	   14	   8	   5	   2	   1	0	   0	0	   0
1770	Bhutan		64	Country/Area	5501	2020	   31	   32	   30	   31	   33	   34	   34	   36	   35	   40	   35	   44	   35	   41	   29	   34	   22	   28	   18	   21	   15	   18	   12	   14	   10	   11	   7	   8	   6	   7	   4	   5	   3	   3	   1	   2	   1	   1	0	   0	0	   0
2655	Bolivia (Plurinational State of)		68	Country/Area	931	2020	   580	   606	   577	   602	   568	   593	   557	   580	   524	   541	   481	   493	   433	   438	   383	   385	   335	   333	   287	   283	   243	   237	   205	   198	   172	   164	   145	   134	   118	   107	   90	   77	   60	   47	   35	   25	   16	   10	   5	   3	   1	   0
3510	Bosnia and Herzegovina		70	Country/Area	925	2020	   65	   69	   79	   83	   88	   93	   81	   84	   105	   112	   91	   96	   106	   111	   119	   123	   109	   112	   112	   115	   117	   114	   140	   129	   126	   115	   118	   104	   81	   62	   60	   39	   53	   32	   16	   10	   7	   4	   2	   0	0	   0
870	Botswana		72	Country/Area	913	2020	   134	   138	   132	   135	   122	   125	   111	   114	   101	   103	   100	   99	   97	   90	   95	   83	   80	   69	   60	   52	   43	   38	   38	   28	   35	   24	   27	   19	   17	   12	   12	   7	   6	   3	   2	   1	   1	   0	0	   0	0	0
2670	Brazil		76	Country/Area	931	2020	  7 070	  7 405	  7 137	  7 465	  7 319	  7 623	  7 965	  8 253	  8 466	  8 686	  8 419	  8 534	  8 576	  8 572	  8 735	  8 594	  7 957	  7 705	  7 079	  6 722	  6 652	  6 171	  6 090	  5 508	  5 045	  4 423	  4 034	  3 394	  2 958	  2 351	  2 011	  1 481	  1 396	   922	   752	   423	   350	   161	   97	   38	   15	   6
2040	Brunei Darussalam		96	Country/Area	920	2020	   15	   16	   17	   18	   15	   16	   16	   17	   17	   19	   16	   18	   18	   20	   18	   21	   17	   19	   16	   17	   14	   14	   11	   12	   8	   9	   6	   6	   3	   3	   2	   2	   1	   1	   1	   0	0	   0	0	   0	0	   0
3165	Bulgaria		100	Country/Area	923	2020	   152	   161	   164	   173	   180	   190	   152	   163	   145	   155	   189	   202	   233	   248	   228	   248	   259	   275	   257	   271	   236	   240	   238	   230	   248	   220	   255	   201	   250	   175	   176	   109	   124	   68	   67	   34	   19	   9	   3	   2	0	   0
975	Burkina Faso		854	Country/Area	914	2020	  1 706	  1 767	  1 513	  1 567	  1 336	  1 386	  1 131	  1 176	   945	   975	   786	   802	   658	   662	   557	   551	   454	   439	   360	   334	   294	   260	   233	   191	   181	   136	   132	   90	   89	   59	   53	   33	   23	   13	   6	   3	   1	   1	0	   0	0	0
405	Burundi		108	Country/Area	910	2020	  1 016	  1 037	   903	   916	   752	   757	   608	   609	   524	   519	   498	   489	   442	   433	   335	   329	   227	   219	   158	   143	   140	   120	   124	   109	   106	   95	   74	   65	   39	   31	   25	   17	   13	   9	   5	   3	   1	   1	0	   0	0	   0
990	Cabo Verde		132	Country/Area	914	2020	   26	   26	   26	   27	   25	   26	   24	   25	   23	   23	   25	   27	   25	   28	   22	   24	   17	   19	   14	   16	   13	   12	   12	   10	   9	   7	   6	   4	   3	   2	   3	   1	   3	   1	   1	   1	0	   0	0	   0	0	   0
2055	Cambodia		116	Country/Area	920	2020	   872	   907	   859	   893	   801	   839	   727	   733	   754	   774	   780	   809	   639	   602	   851	   797	   334	   293	   422	   380	   391	   341	   356	   298	   277	   177	   219	   144	   133	   88	   80	   51	   40	   23	   16	   10	   4	   2	   1	   0	0	   0
735	Cameroon		120	Country/Area	911	2020	  2 038	  2 078	  1 848	  1 882	  1 648	  1 673	  1 420	  1 436	  1 206	  1 214	  1 065	  1 067	   930	   931	   769	   770	   601	   602	   470	   468	   368	   361	   287	   273	   220	   201	   168	   145	   116	   94	   70	   53	   34	   23	   10	   6	   1	   1	0	   0	0	   0
3810	Canada		124	Country/Area	918	2020	   972	  1 021	   966	  1 012	   969	  1 014	   971	  1 017	  1 155	  1 208	  1 344	  1 390	  1 310	  1 316	  1 330	  1 322	  1 239	  1 224	  1 194	  1 190	  1 207	  1 216	  1 378	  1 381	  1 287	  1 275	  1 103	  1 047	   925	   867	   658	   568	   459	   356	   313	   205	   169	   84	   53	   17	   7	   1
750	Central African Republic		140	Country/Area	911	2020	   366	   372	   347	   351	   332	   335	   298	   299	   241	   242	   179	   179	   138	   139	   112	   112	   93	   90	   80	   77	   67	   62	   55	   48	   45	   36	   33	   25	   23	   15	   15	   9	   8	   4	   3	   1	0	   0	0	   0	0	0
765	Chad		148	Country/Area	911	2020	  1 455	  1 476	  1 257	  1 265	  1 090	  1 094	   926	   929	   766	   770	   622	   623	   494	   496	   389	   391	   304	   306	   237	   235	   185	   178	   152	   140	   125	   111	   99	   83	   60	   52	   37	   31	   19	   15	   7	   5	   2	   1	0	   0	0	   0
3315	Channel Islands	20	830	Country/Area	924	2020	   4	   4	   4	   4	   4	   4	   5	   5	   5	   5	   6	   6	   6	   6	   6	   6	   6	   6	   7	   7	   7	   7	   6	   6	   5	   5	   5	   5	   4	   4	   3	   3	   2	   2	   2	   1	   1	   0	0	   0	0	   0
2685	Chile		152	Country/Area	931	2020	   570	   592	   622	   644	   614	   636	   612	   632	   691	   712	   784	   809	   761	   785	   693	   707	   661	   663	   633	   621	   619	   595	   587	   550	   515	   467	   433	   377	   318	   263	   236	   176	   167	   108	   105	   57	   53	   24	   15	   5	   3	   1
1905	China	8	156	Country/Area	906	2020	  39 476	  44 456	  40 415	  46 320	  38 913	  45 350	  38 239	  44 103	  40 884	  46 274	  46 466	  51 523	  62 296	  66 443	  48 746	  51 346	  46 985	  49 289	  58 664	  61 173	  61 097	  62 348	  48 782	  49 958	  38 597	  38 917	  37 623	  36 527	  23 525	  21 425	  14 337	  12 207	  9 298	  6 884	  4 739	  2 843	  1 574	   731	   359	   116	   62	   13
1920	China, Hong Kong SAR	9	344	Country/Area	906	2020	   174	   189	   141	   161	   135	   151	   129	   138	   185	   189	   266	   227	   309	   227	   354	   232	   340	   226	   330	   233	   324	   245	   344	   295	   297	   292	   236	   224	   176	   168	   92	   89	   96	   81	   72	   48	   40	   20	   14	   4	   3	   1
1935	China, Macao SAR	10	446	Country/Area	906	2020	   18	   18	   16	   17	   12	   13	   11	   12	   18	   18	   26	   26	   36	   32	   32	   30	   22	   22	   28	   22	   27	   20	   29	   24	   22	   22	   17	   17	   10	   11	   5	   4	   4	   3	   3	   1	   2	   1	0	   0	0	   0
1950	China, Taiwan Province of China	11	158	Country/Area	906	2020	   487	   524	   501	   541	   469	   507	   581	   632	   721	   782	   784	   834	   796	   825	   963	   964	  1 027	  1 006	   886	   869	   914	   892	   952	   900	   863	   821	   749	   667	   469	   435	   330	   255	   254	   184	   148	   124	   67	   55	   18	   15	   3	   2
2700	Colombia		170	Country/Area	931	2020	  1 812	  1 899	  1 810	  1 894	  1 895	  1 979	  2 080	  2 167	  2 175	  2 247	  2 191	  2 235	  2 025	  2 032	  1 903	  1 850	  1 773	  1 648	  1 607	  1 422	  1 537	  1 371	  1 396	  1 240	  1 129	   957	   913	   772	   650	   538	   446	   346	   298	   218	   166	   112	   70	   45	   19	   12	   3	   1
420	Comoros		174	Country/Area	910	2020	   61	   63	   56	   58	   50	   52	   44	   46	   39	   40	   35	   36	   31	   32	   27	   27	   21	   21	   17	   17	   14	   14	   12	   11	   9	   8	   6	   6	   4	   3	   3	   2	   1	   1	0	   0	0	   0	0	   0	0	0
780	Congo		178	Country/Area	911	2020	   407	   415	   382	   389	   340	   345	   285	   288	   237	   239	   199	   199	   177	   177	   163	   163	   147	   147	   121	   121	   95	   94	   71	   68	   51	   46	   37	   31	   25	   19	   15	   10	   7	   4	   2	   1	0	   0	0	   0	0	0
2520	Costa Rica		188	Country/Area	916	2020	   170	   178	   175	   183	   174	   182	   178	   186	   196	   204	   209	   216	   213	   218	   196	   199	   174	   174	   153	   149	   155	   150	   152	   146	   125	   119	   93	   86	   73	   66	   50	   43	   33	   27	   19	   14	   9	   6	   3	   1	0	   0
1005	Côte d'Ivoire		384	Country/Area	914	2020	  2 053	  2 078	  1 801	  1 818	  1 594	  1 605	  1 452	  1 453	  1 274	  1 264	  1 066	  1 057	   874	   867	   715	   716	   584	   601	   451	   481	   351	   388	   281	   318	   221	   253	   162	   185	   99	   115	   61	   66	   28	   27	   8	   7	   1	   1	0	   0	0	   0
3525	Croatia		191	Country/Area	925	2020	   89	   95	   98	   104	   103	   108	   96	   101	   115	   121	   115	   121	   127	   131	   138	   143	   142	   146	   134	   135	   142	   139	   155	   145	   151	   138	   147	   129	   117	   89	   95	   61	   87	   47	   52	   20	   19	   6	   3	   1	0	   0
2295	Cuba		192	Country/Area	915	2020	   278	   294	   305	   323	   293	   310	   312	   331	   341	   360	   347	   372	   408	   423	   340	   352	   305	   313	   470	   474	   509	   489	   498	   470	   315	   292	   301	   266	   239	   210	   193	   162	   130	   100	   71	   51	   34	   22	   12	   7	   2	   1
2310	Curaçao	13	531	Country/Area	915	2020	   4	   5	   5	   5	   5	   5	   5	   6	   5	   5	   5	   5	   5	   4	   5	   4	   5	   4	   6	   5	   7	   5	   7	   6	   6	   5	   5	   4	   4	   3	   3	   2	   2	   1	   1	   1	   1	   0	0	   0	0	   0
1395	Cyprus	5	196	Country/Area	922	2020	   31	   33	   33	   35	   33	   35	   35	   38	   44	   50	   46	   52	   47	   50	   47	   45	   45	   42	   40	   39	   39	   37	   36	   36	   33	   31	   28	   27	   24	   22	   18	   15	   13	   10	   7	   4	   3	   1	   1	   0	0	   0
3180	Czechia		203	Country/Area	923	2020	   272	   287	   270	   285	   279	   294	   238	   250	   230	   241	   310	   324	   349	   368	   369	   392	   453	   477	   424	   444	   341	   353	   328	   329	   331	   313	   364	   317	   342	   271	   246	   173	   148	   88	   96	   48	   39	   15	   9	   3	0	   0
1965	Dem. People's Republic of Korea		408	Country/Area	906	2020	   852	   894	   823	   862	   824	   861	   919	   957	   948	   993	   974	  1 010	   911	   940	   884	   907	   772	   785	  1 077	  1 081	  1 078	  1 062	   760	   722	   778	   695	   378	   284	   461	   285	   380	   179	   235	   74	   90	   16	   23	   2	   3	   0	0	   0
795	Democratic Republic of the Congo		180	Country/Area	911	2020	  7 836	  7 992	  6 771	  6 888	  5 722	  5 806	  4 712	  4 761	  3 861	  3 869	  3 223	  3 216	  2 681	  2 660	  2 225	  2 196	  1 833	  1 796	  1 509	  1 468	  1 235	  1 186	   991	   934	   774	   712	   581	   518	   429	   360	   269	   211	   135	   98	   50	   32	   12	   7	   2	   1	0	   0
3330	Denmark	21	208	Country/Area	924	2020	   150	   158	   145	   153	   164	   173	   166	   173	   182	   192	   197	   205	   174	   181	   158	   159	   180	   181	   190	   188	   208	   214	   195	   194	   175	   171	   159	   150	   180	   172	   126	   109	   83	   64	   48	   30	   25	   12	   8	   2	   1	   0
435	Djibouti		262	Country/Area	910	2020	   49	   50	   48	   50	   40	   49	   41	   50	   41	   49	   40	   47	   41	   45	   37	   39	   31	   35	   25	   29	   21	   22	   17	   19	   13	   13	   9	   9	   7	   7	   4	   4	   2	   2	   1	   1	0	   0	0	   0	0	   0
2325	Dominican Republic		214	Country/Area	915	2020	   491	   512	   488	   508	   479	   498	   470	   489	   462	   477	   456	   458	   416	   410	   366	   372	   337	   332	   308	   299	   277	   264	   243	   230	   200	   189	   152	   141	   108	   96	   74	   64	   52	   43	   30	   23	   13	   10	   5	   3	   1	   1
2715	Ecuador		218	Country/Area	931	2020	   815	   852	   788	   823	   761	   794	   766	   795	   771	   796	   728	   742	   679	   684	   615	   614	   554	   545	   502	   487	   440	   424	   372	   355	   310	   291	   253	   233	   173	   155	   130	   112	   84	   68	   47	   35	   21	   14	   8	   3	   2	   0
1245	Egypt		818	Country/Area	912	2020	  6 169	  6 529	  5 977	  6 355	  4 698	  4 986	  4 225	  4 476	  4 105	  4 311	  3 998	  4 096	  3 999	  4 066	  3 512	  3 621	  2 979	  3 061	  2 481	  2 427	  2 144	  2 070	  1 828	  1 803	  1 510	  1 452	  1 121	  1 040	   908	   758	   500	   365	   291	   193	   135	   75	   42	   17	   8	   2	   1	   0
2535	El Salvador		222	Country/Area	916	2020	   281	   295	   279	   292	   283	   295	   292	   296	   322	   311	   307	   276	   260	   214	   230	   178	   217	   165	   196	   147	   174	   129	   153	   112	   128	   93	   109	   76	   81	   58	   63	   46	   43	   32	   22	   15	   8	   5	   2	   1	0	   0
810	Equatorial Guinea		226	Country/Area	911	2020	   99	   101	   85	   87	   71	   73	   60	   61	   58	   80	   56	   92	   53	   91	   39	   66	   27	   42	   20	   27	   17	   20	   12	   13	   10	   10	   8	   7	   5	   4	   3	   3	   1	   1	0	   0	0	   0	0	   0	0	0
450	Eritrea		232	Country/Area	910	2020	   242	   253	   233	   244	   238	   248	   183	   190	   142	   143	   143	   144	   134	   135	   96	   96	   72	   69	   72	   68	   46	   43	   43	   41	   35	   33	   33	   27	   26	   21	   17	   13	   9	   6	   4	   2	   1	   1	0	   0	0	   0
3345	Estonia		233	Country/Area	924	2020	   33	   36	   36	   38	   36	   39	   30	   32	   28	   30	   41	   46	   48	   54	   45	   48	   43	   46	   47	   49	   39	   37	   47	   42	   47	   39	   49	   34	   33	   21	   36	   18	   31	   12	   18	   6	   8	   2	   2	   0	0	   0
885	Eswatini		748	Country/Area	913	2020	   71	   73	   71	   72	   74	   74	   64	   65	   54	   59	   48	   52	   44	   38	   45	   34	   34	   26	   22	   22	   13	   17	   10	   12	   10	   10	   9	   7	   8	   5	   6	   3	   4	   1	   1	   0	0	   0	0	   0	0	0
465	Ethiopia		231	Country/Area	910	2020	  8 271	  8 520	  7 526	  7 721	  6 854	  6 999	  6 433	  6 543	  5 816	  5 931	  4 802	  4 890	  3 758	  3 761	  3 183	  3 091	  2 488	  2 446	  2 033	  2 071	  1 661	  1 568	  1 316	  1 159	  1 110	   947	   833	   736	   649	   540	   401	   340	   203	   169	   85	   67	   22	   16	   3	   2	0	   0
2910	Fiji		242	Country/Area	928	2020	   43	   46	   43	   45	   41	   42	   37	   39	   35	   37	   34	   36	   33	   34	   33	   35	   28	   29	   24	   25	   23	   24	   22	   22	   18	   17	   12	   11	   8	   7	   5	   3	   2	   2	   1	   1	0	   0	0	   0	0	   0
3360	Finland	22	246	Country/Area	924	2020	   129	   135	   149	   156	   152	   159	   144	   152	   153	   161	   175	   184	   168	   179	   174	   185	   169	   177	   154	   160	   175	   176	   186	   184	   182	   175	   185	   170	   190	   167	   125	   100	   95	   64	   62	   34	   32	   12	   8	   2	   1	   0
3720	France	27	250	Country/Area	926	2020	  1 770	  1 850	  1 912	  1 996	  1 951	  2 045	  1 902	  1 986	  1 828	  1 869	  1 852	  1 822	  2 010	  1 932	  2 074	  1 995	  2 000	  1 944	  2 213	  2 169	  2 217	  2 146	  2 192	  2 079	  2 070	  1 903	  2 006	  1 786	  1 896	  1 627	  1 222	   982	  1 072	   740	   854	   476	   471	   194	   156	   44	   16	   3
2730	French Guiana	2	254	Country/Area	931	2020	   17	   18	   15	   16	   14	   15	   14	   14	   13	   13	   11	   10	   10	   9	   11	   9	   10	   10	   9	   9	   8	   7	   6	   6	   5	   5	   4	   4	   2	   2	   2	   1	   1	   1	0	   0	0	   0	0	   0	0	   0
3060	French Polynesia	2	258	Country/Area	957	2020	   10	   10	   9	   10	   11	   12	   10	   11	   11	   11	   9	   10	   12	   11	   11	   10	   9	   10	   10	   10	   9	   10	   8	   8	   6	   7	   5	   5	   3	   3	   3	   2	   1	   1	   1	   1	0	   0	0	   0	0	   0
825	Gabon		266	Country/Area	911	2020	   158	   162	   139	   141	   114	   116	   96	   97	   89	   90	   93	   95	   93	   96	   76	   85	   58	   71	   47	   57	   37	   41	   28	   28	   21	   20	   16	   15	   12	   10	   9	   6	   5	   3	   2	   1	0	   0	0	   0	0	0
1020	Gambia		270	Country/Area	914	2020	   203	   207	   175	   178	   149	   151	   128	   129	   115	   113	   102	   99	   82	   78	   64	   59	   51	   46	   40	   37	   35	   31	   26	   24	   17	   17	   13	   12	   10	   9	   6	   5	   2	   2	   1	   1	0	   0	0	   0	0	0
1410	Georgia	6	268	Country/Area	922	2020	   130	   138	   137	   148	   120	   133	   102	   115	   110	   123	   132	   135	   146	   144	   140	   136	   136	   128	   131	   123	   131	   115	   151	   126	   140	   110	   123	   87	   92	   58	   64	   35	   66	   31	   26	   11	   10	   3	   2	   0	0	   0
3735	Germany		276	Country/Area	926	2020	  1 976	  2 082	  1 852	  1 970	  1 832	  1 979	  1 969	  2 150	  2 171	  2 382	  2 302	  2 522	  2 619	  2 823	  2 656	  2 774	  2 508	  2 552	  2 576	  2 608	  3 328	  3 353	  3 414	  3 393	  2 966	  2 855	  2 532	  2 291	  2 043	  1 791	  2 006	  1 632	  1 900	  1 359	  1 022	   613	   522	   237	   159	   46	   16	   4
1035	Ghana		288	Country/Area	914	2020	  2 040	  2 129	  1 903	  1 985	  1 703	  1 776	  1 534	  1 603	  1 398	  1 462	  1 240	  1 299	  1 108	  1 159	   945	   979	   803	   823	   699	   706	   596	   594	   480	   466	   346	   321	   224	   200	   160	   138	   89	   70	   40	   30	   12	   9	   2	   2	0	   0	0	   0
3540	Greece		300	Country/Area	925	2020	   198	   211	   228	   244	   263	   279	   257	   269	   259	   270	   251	   277	   288	   310	   362	   377	   384	   397	   397	   397	   403	   393	   367	   343	   356	   320	   312	   269	   297	   253	   224	   183	   229	   165	   156	   105	   61	   43	   14	   9	   2	   1
2340	Grenada		308	Country/Area	915	2020	   4	   5	   4	   5	   4	   4	   4	   4	   4	   4	   5	   5	   5	   5	   4	   4	   3	   3	   3	   3	   3	   3	   3	   3	   3	   3	   2	   2	   1	   1	   1	   1	   1	   1	0	   0	0	   0	0	   0	0	   0
2355	Guadeloupe	2	312	Country/Area	915	2020	   11	   12	   11	   11	   14	   15	   15	   15	   14	   14	   9	   10	   9	   7	   11	   7	   13	   9	   16	   12	   17	   14	   17	   14	   15	   12	   13	   10	   11	   9	   8	   6	   6	   4	   4	   2	   2	   1	   1	   0	0	   0
3000	Guam	14	316	Country/Area	954	2020	   7	   7	   7	   7	   6	   7	   7	   7	   7	   7	   6	   7	   6	   6	   5	   5	   5	   5	   5	   5	   5	   5	   5	   5	   4	   4	   3	   3	   3	   2	   2	   1	   1	   1	   1	   0	0	   0	0	   0	0	   0
2550	Guatemala		320	Country/Area	916	2020	  1 010	  1 055	   969	  1 013	   942	   984	   954	   992	   889	   913	   804	   807	   687	   667	   610	   568	   509	   447	   407	   339	   323	   260	   262	   208	   218	   174	   180	   147	   123	   99	   89	   72	   60	   49	   34	   25	   13	   9	   3	   2	0	   0
1050	Guinea		324	Country/Area	914	2020	  1 043	  1 057	   927	   939	   838	   850	   748	   763	   645	   660	   530	   530	   430	   398	   351	   292	   284	   216	   233	   166	   197	   136	   170	   111	   142	   88	   111	   67	   66	   39	   40	   25	   18	   11	   5	   3	   1	   0	0	   0	0	   0
1065	Guinea-Bissau		624	Country/Area	914	2020	   151	   154	   138	   140	   121	   122	   104	   104	   91	   90	   83	   79	   72	   67	   60	   55	   46	   42	   36	   33	   27	   24	   22	   19	   19	   14	   16	   11	   10	   6	   6	   3	   2	   1	   1	   0	0	   0	0	   0	0	0
2745	Guyana		328	Country/Area	931	2020	   36	   38	   36	   38	   35	   36	   37	   38	   37	   40	   33	   35	   22	   22	   25	   24	   23	   23	   23	   22	   21	   22	   19	   18	   15	   15	   12	   9	   8	   7	   4	   3	   4	   3	   1	   1	   1	   0	0	   0	0	   0
2370	Haiti		332	Country/Area	915	2020	   619	   644	   608	   630	   592	   610	   569	   576	   536	   529	   496	   483	   461	   445	   422	   404	   325	   302	   252	   227	   221	   203	   192	   173	   153	   140	   124	   107	   84	   67	   61	   48	   36	   26	   16	   10	   5	   3	   1	   1	0	   0
2565	Honduras		340	Country/Area	916	2020	   497	   520	   484	   505	   502	   522	   510	   531	   499	   516	   440	   451	   389	   394	   345	   342	   295	   285	   241	   226	   199	   182	   158	   141	   126	   111	   98	   85	   66	   56	   46	   37	   31	   24	   19	   13	   8	   5	   2	   1	0	   0
3195	Hungary		348	Country/Area	923	2020	   224	   237	   218	   229	   236	   248	   236	   250	   252	   266	   310	   324	   299	   313	   320	   325	   405	   410	   385	   388	   330	   318	   290	   263	   349	   288	   381	   289	   285	   191	   236	   135	   166	   74	   95	   37	   35	   11	   10	   3	0	   0
3375	Iceland		352	Country/Area	924	2020	   10	   10	   11	   11	   11	   12	   11	   11	   11	   11	   12	   13	   11	   12	   12	   12	   11	   11	   10	   11	   10	   10	   11	   11	   10	   10	   9	   9	   7	   7	   5	   4	   3	   3	   3	   2	   1	   1	0	   0	0	   0
1785	India		356	Country/Area	5501	2020	  55 651	  61 228	  56 105	  61 877	  59 853	  66 303	  59 375	  66 671	  57 639	  64 866	  55 358	  62 039	  53 301	  58 875	  49 466	  53 994	  43 589	  46 631	  38 684	  40 757	  33 673	  35 203	  29 106	  30 150	  24 196	  24 695	  19 092	  19 168	  12 464	  11 628	  8 021	  7 063	  4 658	  3 831	  1 956	  1 576	   556	   437	   131	   92	   31	   17
2070	Indonesia		360	Country/Area	920	2020	  11 566	  12 093	  11 887	  12 411	  11 175	  11 810	  11 310	  12 008	  11 028	  11 626	  10 278	  10 640	  10 018	  9 955	  10 603	  10 590	  9 787	  9 894	  8 997	  9 169	  7 947	  8 008	  6 660	  6 540	  5 245	  5 149	  3 576	  3 560	  2 525	  2 092	  1 685	  1 272	  1 002	   629	   385	   208	   113	   56	   17	   6	   1	   0
1800	Iran (Islamic Republic of)		364	Country/Area	5501	2020	  3 724	  3 913	  3 362	  3 567	  3 032	  3 186	  2 700	  2 830	  2 755	  2 801	  3 404	  3 382	  4 255	  4 212	  4 152	  4 120	  3 220	  3 271	  2 556	  2 608	  2 297	  2 322	  1 851	  1 826	  1 572	  1 560	  1 136	  1 129	   738	   710	   435	   471	   245	   307	   115	   162	   29	   27	   4	   4	0	   0
1425	Iraq		368	Country/Area	922	2020	  2 612	  2 768	  2 542	  2 687	  2 218	  2 341	  2 023	  2 129	  1 858	  1 941	  1 647	  1 719	  1 435	  1 493	  1 214	  1 262	  1 061	  1 089	   896	   890	   731	   684	   496	   430	   363	   306	   340	   283	   178	   154	   135	   107	   75	   52	   30	   18	   8	   4	   1	   0	0	   0
3390	Ireland		372	Country/Area	924	2020	   152	   162	   174	   184	   175	   182	   153	   159	   143	   147	   136	   141	   156	   155	   198	   187	   203	   193	   186	   182	   157	   155	   146	   143	   127	   123	   118	   113	   101	   96	   70	   64	   48	   40	   27	   19	   12	   6	   4	   1	   1	   0
1440	Israel		376	Country/Area	922	2020	   413	   435	   400	   423	   359	   379	   325	   343	   304	   320	   280	   293	   279	   285	   279	   279	   273	   270	   251	   246	   212	   205	   194	   184	   184	   166	   188	   166	   154	   134	   94	   77	   73	   52	   51	   33	   26	   14	   7	   4	   1	   0
3555	Italy		380	Country/Area	925	2020	  1 127	  1 197	  1 296	  1 375	  1 387	  1 470	  1 392	  1 484	  1 416	  1 527	  1 536	  1 625	  1 663	  1 703	  1 809	  1 824	  2 097	  2 092	  2 432	  2 401	  2 488	  2 420	  2 384	  2 275	  2 051	  1 903	  1 852	  1 680	  1 805	  1 587	  1 455	  1 182	  1 344	   958	   893	   504	   453	   187	   133	   39	   13	   3
2385	Jamaica		388	Country/Area	915	2020	   113	   118	   115	   119	   112	   115	   117	   122	   128	   133	   125	   129	   115	   117	   108	   103	   95	   84	   94	   85	   89	   82	   76	   73	   66	   58	   46	   44	   36	   35	   25	   23	   17	   15	   9	   8	   4	   4	   1	   1	0	   0
1980	Japan		392	Country/Area	906	2020	  2 325	  2 454	  2 628	  2 773	  2 708	  2 857	  2 776	  2 927	  2 921	  3 076	  2 999	  3 152	  3 314	  3 476	  3 748	  3 918	  4 161	  4 307	  4 916	  5 089	  4 294	  4 365	  3 918	  3 965	  3 763	  3 733	  4 283	  4 096	  4 815	  4 312	  3 897	  3 161	  3 129	  2 210	  2 348	  1 283	  1 290	   496	   422	   95	   69	   10
1455	Jordan		400	Country/Area	922	2020	   516	   543	   566	   588	   563	   577	   515	   525	   466	   474	   428	   435	   384	   393	   350	   363	   295	   311	   258	   277	   209	   224	   160	   162	   111	   106	   77	   72	   60	   52	   43	   36	   23	   20	   9	   7	   2	   1	0	   0	0	   0
1650	Kazakhstan		398	Country/Area	5500	2020	   930	   990	   947	  1 001	   779	   825	   545	   572	   536	   564	   733	   740	   843	   815	   670	   666	   603	   581	   569	   534	   519	   459	   576	   485	   458	   353	   380	   248	   201	   119	   159	   74	   152	   64	   45	   17	   18	   5	   3	   0	0	   0
480	Kenya		404	Country/Area	910	2020	  3 486	  3 558	  3 461	  3 508	  3 341	  3 395	  2 989	  3 022	  2 617	  2 619	  2 191	  2 167	  2 030	  1 993	  1 743	  1 704	  1 397	  1 362	  1 088	  1 055	   822	   782	   628	   574	   477	   411	   351	   279	   220	   161	   117	   76	   65	   37	   25	   12	   4	   2	0	   0	0	   0
3015	Kiribati		296	Country/Area	954	2020	   7	   8	   7	   7	   7	   7	   5	   5	   5	   5	   5	   5	   5	   4	   4	   4	   3	   3	   3	   2	   3	   3	   2	   2	   2	   1	   1	   1	   1	   1	   1	   0	0	   0	0	   0	0	   0	0	0	0	0
1470	Kuwait		414	Country/Area	922	2020	   141	   148	   148	   171	   135	   173	   101	   124	   94	   113	   89	   148	   140	   226	   186	   326	   174	   340	   161	   290	   119	   228	   70	   144	   49	   100	   23	   48	   14	   18	   7	   10	   4	   4	   1	   1	0	   0	0	   0	0	0
1665	Kyrgyzstan		417	Country/Area	5500	2020	   370	   390	   375	   394	   294	   306	   245	   255	   252	   262	   280	   289	   287	   285	   220	   222	   182	   179	   168	   157	   155	   141	   153	   133	   122	   98	   82	   61	   49	   30	   22	   11	   24	   9	   12	   4	   4	   1	   1	   0	0	   0
2085	Lao People's Democratic Republic		418	Country/Area	920	2020	   391	   406	   378	   392	   372	   385	   350	   359	   343	   349	   334	   337	   293	   298	   248	   247	   209	   208	   178	   178	   146	   143	   119	   119	   93	   92	   70	   64	   48	   36	   30	   22	   16	   11	   6	   4	   2	   1	0	   0	0	   0
3405	Latvia		428	Country/Area	924	2020	   55	   59	   45	   49	   50	   53	   43	   44	   33	   36	   57	   61	   70	   73	   60	   61	   61	   60	   69	   65	   63	   57	   79	   66	   73	   57	   72	   48	   48	   27	   60	   28	   35	   14	   27	   8	   14	   3	   4	   1	0	   0
1485	Lebanon		422	Country/Area	922	2020	   277	   289	   279	   307	   265	   294	   285	   291	   299	   294	   303	   280	   282	   240	   259	   229	   229	   224	   203	   207	   177	   213	   137	   198	   115	   134	   107	   92	   69	   63	   41	   39	   36	   27	   20	   12	   5	   3	   1	   0	0	   0
900	Lesotho		426	Country/Area	913	2020	   126	   128	   113	   113	   106	   105	   108	   108	   101	   103	   94	   97	   84	   91	   72	   81	   56	   63	   45	   45	   40	   34	   37	   29	   33	   22	   25	   16	   18	   11	   12	   6	   8	   3	   4	   1	   1	   0	0	   0	0	   0
1080	Liberia		430	Country/Area	914	2020	   363	   378	   332	   346	   306	   317	   272	   280	   229	   234	   188	   190	   166	   168	   147	   149	   122	   123	   100	   99	   80	   78	   65	   61	   52	   46	   39	   32	   25	   20	   18	   14	   9	   6	   3	   2	0	   0	0	   0	0	0
1260	Libya		434	Country/Area	912	2020	   303	   321	   322	   340	   304	   320	   274	   288	   266	   276	   274	   279	   293	   293	   288	   290	   277	   287	   237	   248	   182	   190	   125	   120	   86	   78	   64	   57	   43	   36	   33	   27	   20	   14	   8	   5	   2	   1	0	   0	0	   0
3420	Lithuania		440	Country/Area	924	2020	   70	   75	   75	   80	   59	   62	   59	   63	   65	   68	   87	   96	   90	   97	   73	   78	   81	   80	   101	   94	   97	   88	   128	   108	   105	   81	   100	   66	   70	   39	   78	   37	   55	   28	   42	   14	   21	   5	   5	   1	0	   0
3750	Luxembourg		442	Country/Area	926	2020	   16	   17	   16	   17	   16	   16	   17	   18	   19	   21	   22	   24	   24	   25	   25	   25	   22	   24	   23	   25	   23	   25	   21	   22	   17	   18	   14	   14	   11	   11	   9	   7	   7	   5	   5	   3	   2	   1	   1	   0	0	   0
495	Madagascar		450	Country/Area	910	2020	  2 031	  2 079	  1 808	  1 845	  1 655	  1 676	  1 503	  1 509	  1 341	  1 335	  1 115	  1 108	   917	   913	   771	   771	   658	   656	   543	   531	   439	   420	   353	   328	   277	   252	   205	   181	   122	   102	   76	   59	   41	   32	   17	   13	   4	   4	   1	   1	0	   0
510	Malawi		454	Country/Area	910	2020	  1 447	  1 477	  1 357	  1 382	  1 275	  1 287	  1 088	  1 088	   925	   914	   782	   757	   663	   630	   510	   484	   414	   393	   325	   304	   255	   227	   197	   167	   154	   124	   115	   88	   91	   62	   58	   34	   29	   14	   9	   4	   2	   1	0	   0	0	   0
2100	Malaysia	12	458	Country/Area	920	2020	  1 279	  1 356	  1 217	  1 291	  1 188	  1 258	  1 293	  1 377	  1 389	  1 474	  1 414	  1 493	  1 417	  1 513	  1 286	  1 435	   989	  1 107	   921	   974	   834	   841	   709	   762	   606	   617	   468	   459	   343	   315	   193	   175	   120	   110	   52	   51	   15	   17	   3	   4	0	   1
1815	Maldives		462	Country/Area	5501	2020	   17	   18	   18	   19	   16	   17	   13	   14	   15	   36	   20	   69	   22	   60	   19	   36	   13	   23	   11	   17	   9	   11	   8	   7	   6	   6	   3	   3	   2	   2	   2	   2	   1	   1	   1	   1	0	   0	0	   0	0	   0
1095	Mali		466	Country/Area	914	2020	  1 772	  1 834	  1 551	  1 604	  1 357	  1 402	  1 110	  1 141	   880	   896	   712	   716	   584	   583	   499	   494	   419	   408	   337	   322	   256	   233	   194	   166	   154	   126	   123	   99	   80	   61	   51	   39	   21	   16	   6	   5	   1	   1	0	   0	0	   0
3570	Malta		470	Country/Area	925	2020	   11	   11	   10	   11	   10	   11	   10	   11	   12	   13	   14	   16	   16	   17	   16	   17	   15	   16	   14	   15	   12	   13	   14	   14	   15	   15	   14	   14	   15	   13	   9	   8	   7	   5	   4	   2	   2	   1	0	   0	0	   0
2400	Martinique	2	474	Country/Area	915	2020	   9	   9	   9	   9	   11	   12	   12	   12	   12	   12	   8	   9	   10	   7	   10	   7	   11	   8	   15	   11	   17	   13	   18	   14	   15	   13	   13	   11	   11	   9	   8	   6	   7	   5	   5	   3	   2	   1	   1	   0	0	   0
1110	Mauritania		478	Country/Area	914	2020	   339	   351	   304	   314	   265	   272	   232	   238	   205	   211	   183	   188	   165	   169	   141	   144	   117	   118	   94	   94	   76	   73	   61	   56	   47	   42	   34	   28	   24	   17	   15	   10	   8	   5	   3	   2	   1	   0	0	   0	0	   0
525	Mauritius	1	480	Country/Area	910	2020	   31	   33	   34	   35	   40	   41	   46	   48	   47	   47	   51	   52	   44	   44	   43	   44	   49	   50	   41	   42	   43	   42	   46	   44	   39	   36	   33	   29	   25	   20	   14	   10	   9	   6	   5	   3	   2	   1	   1	   0	0	   0
540	Mayotte	2	175	Country/Area	910	2020	   18	   18	   17	   18	   17	   18	   15	   15	   12	   13	   10	   9	   10	   7	   9	   7	   8	   7	   6	   6	   5	   5	   4	   3	   3	   3	   2	   2	   1	   1	   1	   1	   1	   1	0	   0	0	   0	0	   0	0	   0
2580	Mexico		484	Country/Area	916	2020	  5 354	  5 605	  5 479	  5 732	  5 448	  5 693	  5 515	  5 695	  5 435	  5 505	  5 412	  5 384	  5 041	  4 748	  4 746	  4 344	  4 502	  4 030	  4 233	  3 783	  3 689	  3 236	  3 091	  2 742	  2 500	  2 169	  1 938	  1 657	  1 341	  1 126	   948	   774	   602	   456	   361	   249	   168	   107	   50	   31	   8	   5
3030	Micronesia (Fed. States of)		583	Country/Area	954	2020	   6	   6	   6	   6	   6	   6	   6	   6	   6	   6	   5	   6	   4	   4	   3	   3	   3	   3	   3	   3	   3	   2	   2	   2	   2	   2	   1	   1	   1	   1	0	   0	0	   0	0	   0	0	   0	0	0	0	0
1995	Mongolia		496	Country/Area	906	2020	   185	   190	   179	   183	   139	   142	   108	   110	   114	   115	   135	   136	   155	   154	   126	   129	   113	   110	   102	   98	   88	   80	   79	   66	   55	   43	   34	   26	   21	   15	   15	   10	   8	   5	   4	   2	   1	   0	0	   0	0	   0
3585	Montenegro		499	Country/Area	925	2020	   18	   19	   18	   19	   19	   21	   19	   21	   20	   21	   21	   22	   21	   22	   23	   23	   22	   21	   21	   20	   19	   19	   21	   21	   20	   19	   20	   18	   14	   11	   10	   6	   8	   5	   4	   2	   1	   1	0	   0	0	   0
1275	Morocco		504	Country/Area	912	2020	  1 619	  1 706	  1 670	  1 758	  1 522	  1 606	  1 451	  1 519	  1 409	  1 466	  1 487	  1 522	  1 444	  1 418	  1 423	  1 321	  1 249	  1 112	  1 117	   975	  1 009	   916	   916	   903	   791	   776	   587	   581	   342	   340	   284	   231	   186	   124	   74	   37	   14	   6	   1	   0	0	   0
555	Mozambique		508	Country/Area	910	2020	  2 566	  2 591	  2 273	  2 288	  2 028	  2 026	  1 781	  1 760	  1 473	  1 439	  1 211	  1 171	  1 002	   960	   848	   779	   686	   602	   558	   444	   453	   329	   355	   263	   275	   200	   219	   150	   163	   99	   103	   55	   53	   24	   18	   7	   3	   1	0	   0	0	   0
2115	Myanmar		104	Country/Area	920	2020	  2 232	  2 277	  2 241	  2 272	  2 413	  2 433	  2 531	  2 541	  2 392	  2 367	  2 234	  2 170	  2 116	  2 012	  2 020	  1 925	  1 958	  1 802	  1 832	  1 628	  1 644	  1 407	  1 389	  1 132	  1 159	   891	   911	   643	   523	   368	   323	   209	   179	   101	   73	   35	   18	   7	   2	   1	0	   0
915	Namibia		516	Country/Area	913	2020	   168	   168	   159	   159	   141	   141	   123	   122	   124	   121	   117	   112	   101	   96	   82	   78	   67	   63	   56	   51	   45	   38	   38	   30	   30	   21	   22	   14	   15	   9	   11	   6	   6	   3	   3	   1	   1	   0	0	   0	0	0
1830	Nepal		524	Country/Area	5501	2020	  1 321	  1 386	  1 370	  1 386	  1 457	  1 474	  1 584	  1 605	  1 685	  1 536	  1 530	  1 135	  1 293	   776	  1 120	   604	   991	   606	   826	   623	   684	   579	   559	   485	   441	   382	   352	   313	   264	   210	   187	   151	   83	   70	   31	   23	   8	   5	   1	   0	0	   0
3765	Netherlands	28	528	Country/Area	926	2020	   419	   440	   435	   459	   456	   482	   494	   522	   498	   522	   528	   548	   532	   546	   505	   515	   501	   504	   574	   573	   634	   640	   620	   631	   563	   562	   510	   495	   488	   464	   337	   302	   246	   193	   161	   101	   73	   33	   21	   6	   2	   0
2925	New Caledonia	2	540	Country/Area	928	2020	   10	   10	   11	   11	   11	   11	   11	   11	   11	   12	   9	   10	   10	   11	   10	   10	   10	   10	   10	   11	   9	   9	   8	   8	   7	   6	   5	   5	   4	   4	   3	   3	   2	   1	   1	   0	0	   0	0	   0	0	   0
2865	New Zealand	16	554	Country/Area	927	2020	   147	   155	   153	   161	   156	   165	   149	   154	   158	   166	   168	   178	   163	   161	   153	   141	   145	   133	   165	   149	   163	   149	   164	   153	   146	   136	   124	   116	   110	   103	   78	   70	   54	   43	   32	   23	   17	   10	   5	   2	   1	   0
2595	Nicaragua		558	Country/Area	916	2020	   321	   336	   321	   339	   309	   329	   291	   312	   284	   301	   287	   294	   276	   273	   260	   246	   222	   199	   185	   157	   150	   124	   128	   105	   110	   90	   84	   65	   47	   36	   38	   29	   25	   18	   14	   8	   6	   3	   2	   1	0	   0
1125	Niger		562	Country/Area	914	2020	  2 347	  2 440	  1 952	  2 019	  1 606	  1 659	  1 295	  1 340	  1 024	  1 063	   800	   831	   641	   625	   540	   453	   441	   398	   357	   333	   296	   266	   236	   249	   181	   186	   132	   146	   99	   91	   59	   48	   24	   18	   6	   5	   1	   1	0	   0	0	   0
1140	Nigeria		566	Country/Area	914	2020	  16 561	  17 377	  14 626	  15 288	  12 633	  13 159	  10 759	  11 151	  8 898	  9 170	  7 448	  7 661	  6 431	  6 614	  5 578	  5 745	  4 673	  4 786	  3 771	  3 807	  2 996	  2 948	  2 426	  2 330	  1 892	  1 765	  1 369	  1 232	   901	   816	   480	   426	   179	   154	   41	   34	   5	   4	0	   0	0	   0
3600	North Macedonia		807	Country/Area	925	2020	   54	   58	   56	   60	   54	   58	   59	   62	   63	   67	   74	   78	   79	   83	   80	   84	   76	   79	   72	   74	   72	   73	   70	   68	   66	   63	   61	   55	   44	   36	   31	   23	   21	   14	   9	   6	   2	   1	0	   0	0	   0
3435	Norway	23	578	Country/Area	924	2020	   146	   155	   152	   160	   156	   165	   157	   164	   171	   182	   181	   192	   184	   192	   175	   187	   167	   180	   183	   195	   183	   195	   163	   172	   154	   157	   138	   137	   136	   131	   95	   85	   64	   49	   44	   27	   23	   11	   8	   2	   1	   0
1500	Oman		512	Country/Area	922	2020	   222	   232	   187	   192	   150	   166	   121	   94	   129	   200	   177	   580	   199	   669	   160	   411	   116	   284	   78	   206	   58	   124	   40	   94	   33	   57	   26	   28	   17	   12	   13	   12	   6	   7	   3	   3	   2	   1	   1	   0	0	   0
1845	Pakistan		586	Country/Area	5501	2020	  13 454	  14 509	  12 273	  13 226	  11 297	  12 155	  10 533	  11 443	  10 030	  10 742	  9 337	  9 821	  8 221	  8 597	  6 853	  7 144	  5 693	  5 923	  4 728	  4 905	  4 054	  4 177	  3 406	  3 486	  2 613	  2 666	  1 802	  1 821	  1 334	  1 372	   914	   940	   467	   495	   172	   193	   36	   49	   4	   7	0	   1
2610	Panama		591	Country/Area	916	2020	   190	   199	   188	   196	   181	   189	   175	   182	   172	   177	   163	   166	   158	   159	   150	   152	   144	   144	   134	   134	   118	   117	   101	   98	   82	   78	   64	   59	   48	   43	   36	   31	   24	   20	   15	   11	   7	   5	   3	   2	   1	   0
2940	Papua New Guinea		598	Country/Area	928	2020	   535	   573	   504	   539	   481	   513	   447	   476	   407	   430	   350	   368	   311	   325	   286	   298	   250	   260	   211	   217	   174	   175	   142	   138	   112	   105	   82	   73	   48	   42	   25	   22	   11	   9	   3	   3	   1	   1	0	   0	0	   0
2760	Paraguay		600	Country/Area	931	2020	   342	   359	   334	   349	   331	   346	   322	   337	   331	   346	   315	   328	   291	   304	   251	   263	   198	   209	   157	   164	   144	   147	   128	   130	   109	   111	   91	   91	   65	   62	   46	   41	   30	   24	   14	   10	   6	   4	   1	   1	0	   0
2775	Peru		604	Country/Area	931	2020	  1 383	  1 450	  1 303	  1 309	  1 370	  1 326	  1 257	  1 182	  1 399	  1 209	  1 406	  1 361	  1 320	  1 373	  1 229	  1 309	  1 120	  1 181	   998	  1 048	   892	   900	   764	   758	   630	   617	   528	   501	   379	   353	   280	   244	   184	   161	   103	   71	   37	   22	   9	   4	   1	   0
2130	Philippines		608	Country/Area	920	2020	  5 166	  5 451	  5 552	  5 846	  5 329	  5 578	  5 055	  5 408	  4 913	  5 192	  4 672	  4 808	  4 080	  4 167	  3 610	  3 645	  3 255	  3 297	  2 876	  2 884	  2 578	  2 539	  2 174	  2 076	  1 778	  1 615	  1 349	  1 137	   952	   710	   597	   381	   378	   202	   166	   75	   59	   17	   13	   2	   2	   0
3210	Poland		616	Country/Area	923	2020	   918	   967	   926	   974	   963	  1 011	   853	   882	   971	   995	  1 202	  1 264	  1 356	  1 470	  1 533	  1 647	  1 456	  1 503	  1 285	  1 292	  1 128	  1 111	  1 196	  1 128	  1 445	  1 280	  1 354	  1 095	  1 076	   780	   645	   400	   585	   299	   392	   166	   177	   62	   44	   13	   4	   1
3615	Portugal		620	Country/Area	925	2020	   194	   206	   214	   227	   240	   250	   257	   268	   270	   270	   271	   263	   287	   274	   337	   318	   396	   369	   420	   390	   389	   354	   391	   347	   360	   313	   337	   284	   314	   253	   260	   191	   213	   139	   146	   79	   61	   24	   15	   5	   2	   0
2415	Puerto Rico	14	630	Country/Area	915	2020	   41	   44	   76	   80	   102	   108	   86	   99	   64	   79	   71	   75	   78	   78	   90	   85	   102	   94	   109	   95	   116	   96	   112	   91	   109	   87	   95	   70	   90	   68	   66	   50	   47	   31	   30	   17	   15	   8	   6	   2	   1	   0
1515	Qatar		634	Country/Area	922	2020	   66	   69	   66	   70	   59	   63	   48	   58	   48	   189	   73	   407	   94	   401	   87	   264	   58	   197	   42	   165	   31	   125	   19	   79	   11	   43	   6	   22	   4	   9	   2	   2	   1	   1	   1	   1	0	   0	0	   0	0	   0
2010	Republic of Korea		410	Country/Area	906	2020	   923	   974	  1 098	  1 159	  1 102	  1 175	  1 187	  1 289	  1 533	  1 683	  1 629	  1 871	  1 549	  1 733	  1 823	  1 975	  1 909	  2 016	  2 107	  2 186	  2 147	  2 168	  2 079	  2 083	  1 919	  1 856	  1 391	  1 288	  1 068	   930	   898	   665	   680	   404	   379	   161	   143	   42	   35	   8	   4	   1
3225	Republic of Moldova	18	498	Country/Area	923	2020	   99	   104	   107	   114	   105	   111	   98	   105	   118	   123	   162	   168	   206	   212	   175	   181	   152	   150	   135	   126	   125	   110	   157	   130	   146	   112	   136	   94	   64	   41	   53	   27	   38	   16	   19	   7	   7	   2	   1	   0	0	   0
570	Réunion	2	638	Country/Area	910	2020	   32	   33	   33	   34	   33	   35	   35	   36	   31	   33	   28	   27	   26	   23	   28	   23	   31	   27	   31	   29	   34	   32	   31	   29	   26	   24	   21	   19	   15	   13	   11	   9	   8	   5	   5	   3	   2	   1	   1	   0	0	   0
3240	Romania		642	Country/Area	923	2020	   457	   483	   469	   496	   525	   555	   483	   511	   487	   523	   514	   563	   667	   729	   576	   613	   750	   773	   740	   763	   764	   762	   537	   506	   694	   596	   698	   548	   542	   386	   371	   232	   353	   184	   181	   93	   62	   32	   11	   6	   1	   0
3255	Russian Federation		643	Country/Area	923	2020	  4 509	  4 763	  4 549	  4 802	  3 988	  4 186	  3 461	  3 621	  3 241	  3 374	  4 417	  4 576	  6 243	  6 301	  6 014	  5 911	  5 477	  5 128	  5 096	  4 675	  4 551	  3 929	  5 757	  4 661	  5 848	  4 225	  5 172	  3 256	  3 468	  1 923	  2 222	   937	  2 565	   920	  1 071	   319	   546	   122	   91	   11	   9	   1
585	Rwanda		646	Country/Area	910	2020	   935	   950	   835	   841	   777	   775	   681	   673	   597	   586	   525	   503	   494	   485	   444	   390	   317	   292	   244	   217	   179	   176	   186	   188	   136	   123	   103	   83	   65	   44	   41	   25	   16	   9	   10	   6	   1	   1	0	   0	0	   0
2430	Saint Lucia		662	Country/Area	915	2020	   5	   5	   5	   6	   6	   6	   7	   7	   8	   8	   8	   8	   7	   7	   7	   7	   7	   6	   7	   6	   6	   6	   6	   5	   4	   4	   3	   3	   3	   2	   2	   2	   1	   1	   1	   1	0	   0	0	   0	0	   0
2445	Saint Vincent and the Grenadines		670	Country/Area	915	2020	   4	   4	   4	   4	   4	   4	   4	   5	   5	   5	   4	   4	   4	   4	   4	   4	   4	   4	   3	   4	   3	   3	   3	   4	   3	   3	   2	   2	   1	   1	   1	   1	   1	   1	0	   0	0	   0	0	   0	0	   0
3075	Samoa		882	Country/Area	957	2020	   13	   14	   12	   13	   11	   12	   9	   10	   8	   9	   7	   8	   5	   6	   5	   5	   5	   5	   5	   5	   4	   5	   4	   4	   3	   3	   2	   2	   2	   1	   1	   1	   1	   0	0	   0	0	   0	0	   0	0	0
840	Sao Tome and Principe		678	Country/Area	911	2020	   16	   16	   15	   15	   14	   15	   12	   13	   9	   9	   7	   8	   7	   7	   6	   6	   6	   6	   4	   4	   4	   4	   3	   3	   2	   2	   2	   1	   1	   1	   1	   0	0	   0	0	   0	0	   0	0	   0	0	0
1530	Saudi Arabia		682	Country/Area	922	2020	  1 468	  1 511	  1 467	  1 510	  1 301	  1 341	  1 090	  1 129	  1 105	  1 228	  1 358	  1 664	  1 417	  2 021	  1 333	  2 210	  1 284	  2 294	   969	  1 862	   607	  1 285	   426	   898	   287	   532	   239	   315	   142	   151	   99	   102	   56	   50	   24	   21	   8	   7	   2	   1	0	   0
1155	Senegal		686	Country/Area	914	2020	  1 289	  1 326	  1 192	  1 225	  1 037	  1 062	   875	   890	   760	   759	   664	   641	   579	   531	   503	   437	   408	   334	   329	   261	   262	   205	   208	   160	   164	   122	   126	   93	   85	   60	   55	   39	   27	   18	   9	   5	   1	   1	0	   0	0	   0
3630	Serbia	25	688	Country/Area	925	2020	   202	   217	   211	   226	   235	   252	   248	   265	   256	   273	   278	   296	   300	   318	   295	   302	   311	   311	   307	   301	   290	   280	   285	   266	   289	   259	   323	   272	   259	   205	   155	   110	   126	   79	   67	   39	   19	   9	   2	   1	0	   0
600	Seychelles		690	Country/Area	910	2020	   4	   4	   4	   4	   4	   4	   3	   3	   3	   3	   3	   4	   3	   4	   3	   4	   3	   4	   4	   4	   3	   3	   3	   3	   2	   2	   2	   1	   1	   1	   1	   1	   1	   0	0	   0	0	   0	0	   0	0	   0
1170	Sierra Leone		694	Country/Area	914	2020	   578	   581	   533	   534	   495	   497	   436	   439	   376	   378	   323	   329	   272	   281	   227	   236	   183	   190	   149	   150	   120	   116	   95	   87	   73	   62	   55	   43	   39	   29	   24	   17	   11	   7	   4	   2	   1	   0	0	   0	0	   0
2145	Singapore		702	Country/Area	920	2020	   124	   134	   107	   114	   118	   123	   128	   137	   178	   219	   197	   238	   204	   230	   224	   238	   228	   245	   232	   260	   218	   249	   220	   260	   205	   239	   166	   189	   100	   90	   55	   44	   43	   31	   25	   15	   12	   5	   3	   1	   1	   0
3270	Slovakia		703	Country/Area	923	2020	   139	   145	   138	   145	   138	   145	   128	   135	   142	   149	   178	   187	   201	   210	   213	   224	   223	   235	   199	   205	   175	   172	   187	   176	   192	   170	   184	   149	   138	   99	   102	   60	   68	   32	   40	   16	   14	   5	   2	   1	0	   0
3645	Slovenia		705	Country/Area	925	2020	   49	   52	   53	   56	   51	   54	   45	   47	   46	   50	   53	   56	   64	   70	   71	   78	   75	   83	   70	   77	   74	   77	   74	   75	   73	   73	   71	   69	   52	   45	   46	   34	   37	   23	   26	   12	   11	   3	   2	   1	0	   0
2955	Solomon Islands		90	Country/Area	928	2020	   50	   53	   45	   48	   38	   41	   34	   36	   29	   32	   25	   26	   21	   21	   20	   19	   19	   18	   16	   16	   11	   11	   9	   9	   7	   7	   5	   5	   4	   3	   3	   2	   1	   1	   1	   0	0	   0	0	   0	0	   0
615	Somalia		706	Country/Area	910	2020	  1 403	  1 424	  1 187	  1 202	  1 054	  1 066	   906	   913	   766	   768	   583	   577	   438	   430	   339	   327	   288	   273	   256	   237	   212	   195	   168	   159	   132	   130	   101	   99	   69	   66	   40	   35	   20	   16	   7	   5	   2	   1	0	   0	0	   0
930	South Africa		710	Country/Area	913	2020	  2 846	  2 919	  2 877	  2 943	  2 721	  2 775	  2 441	  2 472	  2 447	  2 477	  2 589	  2 629	  2 664	  2 710	  2 378	  2 404	  1 917	  1 893	  1 655	  1 578	  1 401	  1 291	  1 184	  1 036	   990	   804	   785	   585	   536	   359	   368	   213	   203	   96	   75	   28	   14	   4	   1	   0	0	   0
630	South Sudan		728	Country/Area	910	2020	   843	   865	   760	   779	   682	   698	   595	   607	   528	   534	   450	   451	   372	   372	   296	   294	   247	   245	   204	   201	   169	   163	   136	   127	   106	   95	   77	   67	   60	   52	   38	   32	   19	   15	   7	   5	   2	   1	0	   0	0	   0
3660	Spain	26	724	Country/Area	925	2020	   964	  1 026	  1 088	  1 157	  1 207	  1 291	  1 087	  1 151	  1 101	  1 155	  1 158	  1 204	  1 303	  1 316	  1 647	  1 636	  1 974	  2 027	  1 925	  2 013	  1 804	  1 829	  1 730	  1 684	  1 513	  1 426	  1 253	  1 148	  1 181	  1 023	  1 005	   806	   758	   531	   661	   378	   323	   148	   84	   28	   11	   3
1860	Sri Lanka		144	Country/Area	5501	2020	   816	   844	   834	   856	   857	   865	   834	   831	   753	   743	   732	   675	   729	   623	   786	   682	   794	   731	   697	   660	   677	   640	   648	   589	   601	   513	   494	   405	   415	   312	   254	   165	   130	   78	   68	   39	   23	   15	   3	   3	0	   0
1545	State of Palestine	7	275	Country/Area	922	2020	   338	   355	   328	   343	   290	   303	   254	   263	   245	   253	   229	   238	   182	   188	   145	   150	   122	   126	   100	   101	   83	   84	   66	   65	   45	   43	   34	   30	   24	   24	   16	   13	   9	   7	   3	   2	   1	   0	0	   0	0	   0
1290	Sudan		729	Country/Area	912	2020	  3 123	  3 216	  2 855	  2 934	  2 626	  2 696	  2 372	  2 429	  2 058	  2 101	  1 720	  1 748	  1 405	  1 394	  1 231	  1 173	  1 049	   978	   874	   827	   728	   697	   581	   547	   456	   419	   348	   313	   242	   213	   151	   127	   79	   63	   32	   24	   9	   6	   2	   1	0	   0
2790	Suriname		740	Country/Area	931	2020	   25	   27	   25	   27	   25	   27	   24	   26	   24	   25	   23	   24	   21	   22	   20	   20	   18	   18	   19	   19	   16	   17	   16	   16	   11	   11	   8	   7	   6	   5	   4	   3	   3	   2	   1	   1	   1	   0	0	   0	0	   0
3450	Sweden		752	Country/Area	924	2020	   292	   309	   288	   304	   285	   301	   264	   277	   264	   280	   359	   374	   340	   353	   306	   321	   299	   310	   323	   332	   334	   345	   305	   312	   283	   284	   266	   260	   289	   275	   224	   206	   150	   120	   99	   63	   52	   25	   16	   5	   2	   0
3780	Switzerland		756	Country/Area	926	2020	   221	   231	   211	   222	   200	   210	   208	   217	   238	   246	   274	   281	   296	   302	   310	   312	   284	   287	   296	   300	   335	   342	   320	   324	   265	   270	   226	   216	   220	   202	   179	   152	   131	   98	   89	   56	   47	   21	   12	   4	   1	   0
1560	Syrian Arab Republic		760	Country/Area	922	2020	   940	   980	   841	   875	   858	   892	   772	   804	   785	   818	   730	   766	   749	   771	   700	   686	   562	   533	   429	   405	   356	   334	   309	   286	   243	   222	   191	   167	   111	   98	   83	   63	   49	   36	   25	   17	   7	   5	   1	   1	0	   0
1680	Tajikistan		762	Country/Area	5500	2020	   659	   698	   594	   627	   475	   502	   395	   416	   408	   425	   402	   413	   395	   392	   302	   302	   238	   235	   210	   200	   192	   180	   170	   158	   128	   118	   75	   66	   42	   36	   21	   19	   17	   13	   6	   4	   2	   1	0	   0	0	   0
2160	Thailand		764	Country/Area	920	2020	  1 746	  1 850	  1 867	  1 977	  1 997	  2 117	  2 134	  2 245	  2 358	  2 450	  2 395	  2 427	  2 235	  2 232	  2 401	  2 362	  2 728	  2 580	  2 925	  2 680	  2 940	  2 659	  2 677	  2 406	  2 329	  2 039	  1 764	  1 493	  1 269	  1 013	   901	   683	   634	   437	   349	   214	   144	   81	   35	   18	   6	   3
2175	Timor-Leste		626	Country/Area	920	2020	   87	   91	   75	   78	   76	   78	   75	   78	   64	   66	   57	   58	   45	   45	   34	   35	   23	   23	   27	   28	   24	   25	   20	   20	   15	   15	   10	   10	   9	   8	   6	   5	   3	   2	   1	   1	0	   0	0	   0	0	   0
1185	Togo		768	Country/Area	914	2020	   608	   612	   559	   562	   510	   514	   444	   447	   371	   373	   315	   316	   284	   284	   249	   248	   209	   205	   168	   162	   131	   124	   102	   94	   78	   70	   58	   50	   39	   33	   22	   18	   9	   7	   2	   2	0	   0	0	   0	0	0
3090	Tonga		776	Country/Area	957	2020	   6	   6	   6	   6	   6	   6	   5	   6	   5	   5	   4	   4	   3	   3	   3	   3	   3	   3	   3	   2	   2	   2	   2	   2	   2	   1	   1	   1	   1	   1	   1	   1	0	   0	0	   0	0	   0	0	   0	0	0
2460	Trinidad and Tobago		780	Country/Area	915	2020	   43	   45	   47	   49	   47	   49	   44	   45	   42	   43	   48	   49	   58	   59	   63	   63	   51	   50	   46	   45	   42	   40	   48	   45	   39	   37	   32	   29	   24	   20	   17	   13	   10	   7	   5	   3	   2	   1	0	   0	0	   0
1305	Tunisia		788	Country/Area	912	2020	   489	   515	   492	   522	   411	   442	   378	   409	   395	   426	   447	   457	   479	   449	   501	   485	   439	   408	   373	   352	   372	   340	   329	   321	   275	   264	   222	   202	   138	   112	   97	   77	   71	   49	   37	   24	   10	   6	   2	   1	0	   0
1575	Turkey		792	Country/Area	922	2020	  3 210	  3 357	  3 349	  3 503	  3 311	  3 462	  3 333	  3 489	  3 321	  3 449	  3 159	  3 245	  3 176	  3 219	  3 192	  3 188	  3 031	  2 977	  2 777	  2 662	  2 439	  2 316	  2 164	  1 989	  1 865	  1 581	  1 534	  1 213	  1 109	   862	   799	   584	   522	   356	   300	   153	   95	   30	   15	   3	   1	   0
1695	Turkmenistan		795	Country/Area	5500	2020	   326	   335	   331	   341	   259	   265	   240	   245	   228	   233	   272	   276	   263	   262	   219	   213	   192	   186	   164	   155	   146	   138	   138	   113	   113	   88	   77	   56	   40	   29	   20	   14	   20	   12	   9	   4	   3	   1	   1	   0	0	   0
645	Uganda		800	Country/Area	910	2020	  3 858	  3 938	  3 499	  3 561	  3 072	  3 120	  2 621	  2 636	  2 205	  2 124	  1 831	  1 713	  1 483	  1 365	  1 175	  1 078	   919	   846	   706	   662	   550	   515	   417	   370	   313	   255	   234	   172	   157	   105	   94	   56	   42	   21	   16	   6	   3	   1	0	   0	0	   0
3285	Ukraine	19	804	Country/Area	923	2020	  1 026	  1 088	  1 201	  1 275	  1 166	  1 237	   959	  1 021	  1 045	  1 101	  1 344	  1 409	  1 760	  1 825	  1 795	  1 829	  1 710	  1 627	  1 596	  1 474	  1 504	  1 299	  1 724	  1 380	  1 702	  1 226	  1 613	   999	  1 136	   633	   838	   377	   867	   320	   308	   104	   152	   36	   23	   4	   2	   0
1590	United Arab Emirates		784	Country/Area	922	2020	   244	   255	   251	   262	   222	   231	   189	   201	   229	   487	   351	  1 082	   474	  1 322	   407	   967	   238	   678	   158	   534	   121	   336	   86	   255	   42	   144	   20	   37	   12	   24	   5	   15	   3	   4	   2	   2	0	   1	0	   0	0	   0
3465	United Kingdom	24	826	Country/Area	924	2020	  1 915	  2 009	  2 011	  2 109	  1 934	  2 022	  1 806	  1 881	  2 002	  2 073	  2 209	  2 275	  2 346	  2 361	  2 308	  2 280	  2 160	  2 148	  2 168	  2 128	  2 353	  2 281	  2 307	  2 232	  1 985	  1 920	  1 734	  1 647	  1 764	  1 625	  1 305	  1 137	   970	   767	   639	   439	   321	   170	   96	   35	   13	   3
660	United Republic of Tanzania	3	834	Country/Area	910	2020	  4 814	  4 925	  4 262	  4 362	  3 785	  3 869	  3 192	  3 242	  2 622	  2 641	  2 289	  2 295	  1 956	  1 947	  1 635	  1 624	  1 345	  1 339	  1 073	  1 063	   842	   819	   655	   611	   503	   445	   370	   305	   272	   200	   162	   107	   77	   44	   24	   12	   4	   1	0	   0	0	   0
3825	United States of America	29	840	Country/Area	918	2020	  9 621	  10 055	  9 799	  10 246	  10 312	  10 778	  10 409	  10 834	  10 936	  11 323	  11 691	  12 144	  11 350	  11 703	  10 757	  10 859	  10 176	  10 119	  10 085	  9 969	  10 258	  10 320	  10 840	  10 702	  10 619	  10 050	  9 354	  8 465	  7 709	  6 646	  5 401	  4 327	  3 656	  2 806	  2 372	  1 539	  1 348	   703	   448	   179	   76	   21
2475	United States Virgin Islands	14	850	Country/Area	915	2020	   3	   3	   3	   4	   4	   4	   3	   4	   3	   3	   3	   3	   3	   2	   3	   2	   3	   3	   3	   3	   4	   3	   4	   3	   4	   4	   4	   3	   3	   3	   2	   2	   1	   1	   1	   0	0	   0	0	   0	0	   0
2805	Uruguay		858	Country/Area	931	2020	   116	   121	   116	   121	   114	   119	   120	   125	   125	   129	   127	   131	   119	   121	   111	   111	   118	   116	   112	   109	   102	   95	   102	   93	   96	   83	   81	   68	   70	   53	   58	   39	   46	   24	   34	   14	   20	   5	   8	   1	   2	   0
1710	Uzbekistan		860	Country/Area	5500	2020	  1 665	  1 767	  1 598	  1 684	  1 425	  1 501	  1 239	  1 296	  1 363	  1 420	  1 549	  1 616	  1 507	  1 524	  1 282	  1 265	  1 067	  1 039	   936	   890	   819	   749	   797	   704	   623	   545	   416	   355	   195	   149	   130	   98	   99	   65	   44	   24	   16	   7	   3	   1	0	   0
2970	Vanuatu		548	Country/Area	928	2020	   20	   22	   19	   20	   18	   19	   14	   16	   13	   13	   13	   12	   12	   11	   9	   9	   8	   8	   6	   7	   6	   6	   4	   5	   3	   3	   2	   2	   2	   2	   1	   1	   1	   1	0	   0	0	   0	0	   0	0	0
2820	Venezuela (Bolivarian Republic of)		862	Country/Area	931	2020	  1 161	  1 203	  1 336	  1 395	  1 298	  1 360	  1 226	  1 275	  1 047	  1 055	  1 025	  1 003	  1 056	  1 008	  1 011	   953	   964	   904	   875	   822	   827	   773	   738	   677	   620	   557	   462	   404	   330	   274	   218	   168	   136	   91	   75	   43	   34	   15	   11	   4	   2	   1
2190	Viet Nam		704	Country/Area	920	2020	  3 728	  4 165	  3 581	  4 005	  3 364	  3 734	  3 136	  3 365	  3 320	  3 500	  4 206	  4 364	  4 158	  4 279	  3 848	  3 916	  3 508	  3 526	  3 272	  3 267	  2 960	  2 908	  2 712	  2 530	  2 319	  2 012	  1 672	  1 339	   987	   665	   704	   423	   563	   298	   416	   193	   196	   79	   73	   26	   18	   6
1320	Western Sahara		732	Country/Area	912	2020	   28	   29	   28	   28	   25	   25	   24	   24	   25	   26	   27	   28	   26	   30	   24	   29	   21	   25	   17	   20	   13	   16	   10	   13	   8	   10	   5	   6	   2	   3	   1	   1	   1	   1	0	   0	0	   0	0	   0	0	0
1605	Yemen		887	Country/Area	922	2020	  2 015	  2 100	  1 920	  1 998	  1 740	  1 808	  1 574	  1 628	  1 443	  1 482	  1 388	  1 419	  1 156	  1 174	   903	   909	   667	   695	   491	   509	   410	   364	   350	   299	   265	   244	   196	   174	   141	   118	   81	   64	   41	   28	   15	   9	   4	   2	   1	   0	0	   0
675	Zambia		894	Country/Area	910	2020	  1 457	  1 489	  1 346	  1 371	  1 206	  1 223	  1 059	  1 062	   880	   867	   730	   704	   612	   582	   507	   485	   411	   397	   308	   298	   223	   210	   173	   155	   130	   107	   96	   70	   68	   45	   43	   24	   23	   10	   8	   3	   1	   0	0	   0	0	   0
690	Zimbabwe		716	Country/Area	910	2020	  1 043	  1 055	  1 101	  1 110	   958	   963	   822	   817	   706	   672	   602	   504	   565	   430	   484	   389	   398	   340	   281	   240	   210	   179	   173	   136	   141	   99	   113	   72	   72	   42	   57	   29	   31	   13	   12	   4	   2	   1	0	   0	0	   0